,Family,Father,Mother,Gender,Height,Kids,Parent.avg
1,1,199.39,170.18,M,185.928,4,184.785
2,1,199.39,170.18,F,175.768,4,184.785
3,1,199.39,170.18,F,175.26,4,184.785
4,1,199.39,170.18,F,175.26,4,184.785
5,2,191.77,168.91,M,186.69,4,180.34
6,2,191.77,168.91,M,184.15,4,180.34
7,2,191.77,168.91,F,166.37,4,180.34
8,2,191.77,168.91,F,166.37,4,180.34
9,3,190.5,162.56,M,180.34,2,176.53
10,3,190.5,162.56,F,172.72,2,176.53
11,4,190.5,162.56,M,179.07,5,176.53
12,4,190.5,162.56,M,173.99,5,176.53
13,4,190.5,162.56,F,170.18,5,176.53
14,4,190.5,162.56,F,163.83,5,176.53
15,4,190.5,162.56,F,160.02,5,176.53
16,5,190.5,148.59,M,182.88,6,169.545
17,5,190.5,148.59,M,175.26,6,169.545
18,5,190.5,148.59,M,172.72,6,169.545
19,5,190.5,148.59,F,168.91,6,169.545
20,5,190.5,148.59,F,158.75,6,169.545
21,5,190.5,148.59,F,158.75,6,169.545
22,6,187.96,172.72,F,176.53,1,180.34
23,7,187.96,172.72,M,194.31,6,180.34
24,7,187.96,172.72,M,187.96,6,180.34
25,7,187.96,172.72,M,185.42,6,180.34
26,7,187.96,172.72,M,185.42,6,180.34
27,7,187.96,172.72,F,179.07,6,180.34
28,7,187.96,172.72,F,162.56,6,180.34
29,8,187.96,168.91,F,179.07,3,178.435
30,8,187.96,168.91,F,172.72,3,178.435
31,8,187.96,168.91,F,167.64,3,178.435
32,9,189.23,167.64,F,167.64,1,178.435
33,10,187.96,166.37,F,166.37,1,177.165
34,11,187.96,157.48,M,187.96,8,172.72
35,11,187.96,157.48,M,177.8,8,172.72
36,11,187.96,157.48,F,172.72,8,172.72
37,11,187.96,157.48,F,170.18,8,172.72
38,11,187.96,157.48,F,170.18,8,172.72
39,11,187.96,157.48,F,167.64,8,172.72
40,11,187.96,157.48,F,161.29,8,172.72
41,11,187.96,157.48,F,160.02,8,172.72
42,12,187.96,154.94,F,165.1,1,171.45
43,14,185.42,170.18,M,172.72,2,177.8
44,14,185.42,170.18,M,170.18,2,177.8
45,15,185.42,168.91,M,180.34,3,177.165
46,15,185.42,168.91,M,179.07,3,177.165
47,15,185.42,168.91,F,169.418,3,177.165
48,16,185.42,165.1,M,182.88,9,175.26
49,16,185.42,165.1,M,179.07,9,175.26
50,16,185.42,165.1,M,178.308,9,175.26
51,16,185.42,165.1,M,178.308,9,175.26
52,16,185.42,165.1,M,175.768,9,175.26
53,16,185.42,165.1,F,174.498,9,175.26
54,16,185.42,165.1,F,168.91,9,175.26
55,16,185.42,165.1,F,163.83,9,175.26
56,16,185.42,165.1,F,161.29,9,175.26
57,17,185.42,163.83,M,187.96,6,174.625
58,17,185.42,163.83,M,185.42,6,174.625
59,17,185.42,163.83,M,181.61,6,174.625
60,17,185.42,163.83,M,158.75,6,174.625
61,17,185.42,163.83,F,168.91,6,174.625
62,17,185.42,163.83,F,158.242,6,174.625
63,18,185.42,162.56,F,167.64,3,173.99
64,18,185.42,162.56,F,163.83,3,173.99
65,18,185.42,162.56,F,162.56,3,173.99
66,19,185.928,160.02,F,159.258,1,172.974
67,20,184.658,175.26,M,185.928,8,179.959
68,20,184.658,175.26,M,185.42,8,179.959
69,20,184.658,175.26,M,184.658,8,179.959
70,20,184.658,175.26,F,177.8,8,179.959
71,20,184.658,175.26,F,175.26,8,179.959
72,20,184.658,175.26,F,173.99,8,179.959
73,20,184.658,175.26,F,172.72,8,179.959
74,20,184.658,175.26,F,167.64,8,179.959
75,21,182.88,172.72,M,185.42,3,177.8
76,21,182.88,172.72,F,173.99,3,177.8
77,21,182.88,172.72,F,172.72,3,177.8
78,22,182.88,170.18,M,185.42,3,176.53
79,22,182.88,170.18,M,180.34,3,176.53
80,22,182.88,170.18,F,170.18,3,176.53
81,23,182.88,165.1,M,188.468,7,173.99
82,23,182.88,165.1,M,179.07,7,173.99
83,23,182.88,165.1,M,176.53,7,173.99
84,23,182.88,165.1,F,167.64,7,173.99
85,23,182.88,165.1,F,166.37,7,173.99
86,23,182.88,165.1,F,165.1,7,173.99
87,23,182.88,165.1,F,165.1,7,173.99
88,24,182.88,166.37,F,166.37,1,174.625
89,25,182.88,162.56,F,167.64,2,172.72
90,25,182.88,162.56,F,160.02,2,172.72
91,26,182.88,160.02,M,179.07,5,171.45
92,26,182.88,160.02,M,179.07,5,171.45
93,26,182.88,160.02,M,175.26,5,171.45
94,26,182.88,160.02,F,165.1,5,171.45
95,26,182.88,160.02,F,160.02,5,171.45
96,27,182.88,160.02,M,175.26,3,171.45
97,27,182.88,160.02,M,170.18,3,171.45
98,27,182.88,160.02,F,160.02,3,171.45
99,28,182.88,160.02,M,185.42,6,171.45
100,28,182.88,160.02,M,170.18,6,171.45
101,28,182.88,160.02,F,179.07,6,171.45
102,28,182.88,160.02,F,177.8,6,171.45
103,28,182.88,160.02,F,168.91,6,171.45
104,28,182.88,160.02,F,160.02,6,171.45
105,29,184.15,161.29,F,171.45,3,172.72
106,29,184.15,161.29,F,170.688,3,172.72
107,29,184.15,161.29,F,169.418,3,172.72
108,30,182.88,157.48,F,162.56,1,170.18
109,31,184.15,157.48,M,180.34,6,170.815
110,31,184.15,157.48,M,177.8,6,170.815
111,31,184.15,157.48,M,177.8,6,170.815
112,31,184.15,157.48,F,167.64,6,170.815
113,31,184.15,157.48,F,165.1,6,170.815
114,31,184.15,157.48,F,165.1,6,170.815
115,32,182.88,157.48,M,187.96,5,170.18
116,32,182.88,157.48,M,182.88,5,170.18
117,32,182.88,157.48,M,175.26,5,170.18
118,32,182.88,157.48,F,171.45,5,170.18
119,32,182.88,157.48,F,161.29,5,170.18
120,33,182.88,157.48,M,182.88,5,170.18
121,33,182.88,157.48,M,181.61,5,170.18
122,33,182.88,157.48,M,181.61,5,170.18
123,33,182.88,157.48,M,177.8,5,170.18
124,33,182.88,157.48,F,172.72,5,170.18
125,34,182.88,154.94,F,166.878,1,168.91
126,35,180.34,175.26,M,198.12,5,177.8
127,35,180.34,175.26,M,187.96,5,177.8
128,35,180.34,175.26,M,185.42,5,177.8
129,35,180.34,175.26,M,182.88,5,177.8
130,35,180.34,175.26,F,170.18,5,177.8
131,36,180.34,170.18,M,185.928,4,175.26
132,36,180.34,170.18,M,185.42,4,175.26
133,36,180.34,170.18,M,175.26,4,175.26
134,36,180.34,170.18,F,170.18,4,175.26
135,37,180.34,167.64,M,177.8,4,173.99
136,37,180.34,167.64,F,170.18,4,173.99
137,37,180.34,167.64,F,170.18,4,173.99
138,37,180.34,167.64,F,168.91,4,173.99
139,38,180.34,167.64,M,177.8,6,173.99
140,38,180.34,167.64,M,175.26,6,173.99
141,38,180.34,167.64,M,173.99,6,173.99
142,38,180.34,167.64,F,167.64,6,173.99
143,38,180.34,167.64,F,163.83,6,173.99
144,38,180.34,167.64,F,160.02,6,173.99
145,39,180.34,167.64,M,180.34,2,173.99
146,39,180.34,167.64,F,170.18,2,173.99
147,40,180.34,167.64,M,193.04,5,173.99
148,40,180.34,167.64,M,182.88,5,173.99
149,40,180.34,167.64,M,180.34,5,173.99
150,40,180.34,167.64,M,167.64,5,173.99
151,40,180.34,167.64,F,167.64,5,173.99
152,41,182.118,166.37,M,179.07,1,174.244
153,42,180.34,166.37,M,182.88,6,173.355
154,42,180.34,166.37,M,182.88,6,173.355
155,42,180.34,166.37,M,180.34,6,173.355
156,42,180.34,166.37,M,175.26,6,173.355
157,42,180.34,166.37,F,167.64,6,173.355
158,42,180.34,166.37,F,165.1,6,173.355
159,43,181.61,166.37,M,185.42,2,173.99
160,43,181.61,166.37,F,165.608,2,173.99
161,44,181.61,165.1,M,173.99,2,173.355
162,44,181.61,165.1,M,171.958,2,173.355
163,45,180.34,165.1,M,172.72,3,172.72
164,45,180.34,165.1,M,172.72,3,172.72
165,45,180.34,165.1,F,157.48,3,172.72
166,46,180.34,162.56,F,172.72,8,171.45
167,46,180.34,162.56,F,172.72,8,171.45
168,46,180.34,162.56,F,171.45,8,171.45
169,46,180.34,162.56,F,168.91,8,171.45
170,46,180.34,162.56,F,168.91,8,171.45
171,46,180.34,162.56,F,167.64,8,171.45
172,46,180.34,162.56,F,166.37,8,171.45
173,46,180.34,162.56,F,165.1,8,171.45
174,47,182.118,163.83,M,182.88,4,172.974
175,47,182.118,163.83,M,180.34,4,172.974
176,47,182.118,163.83,M,179.07,4,172.974
177,47,182.118,163.83,F,170.18,4,172.974
178,48,180.34,162.56,M,172.72,3,171.45
179,48,180.34,162.56,M,172.72,3,171.45
180,48,180.34,162.56,M,172.72,3,171.45
181,49,181.61,163.83,M,182.88,7,172.72
182,49,181.61,163.83,M,180.34,7,172.72
183,49,181.61,163.83,M,177.8,7,172.72
184,49,181.61,163.83,F,167.64,7,172.72
185,49,181.61,163.83,F,163.83,7,172.72
186,49,181.61,163.83,F,163.83,7,172.72
187,49,181.61,163.83,F,157.48,7,172.72
188,51,180.848,160.02,F,171.45,2,170.434
189,51,180.848,160.02,F,163.83,2,170.434
190,52,180.34,161.29,M,180.34,5,170.815
191,52,180.34,161.29,M,170.18,5,170.815
192,52,180.34,161.29,F,167.64,5,170.815
193,52,180.34,161.29,F,165.1,5,170.815
194,52,180.34,161.29,F,161.29,5,170.815
195,53,180.34,160.02,M,180.34,9,170.18
196,53,180.34,160.02,M,177.8,9,170.18
197,53,180.34,160.02,M,177.8,9,170.18
198,53,180.34,160.02,M,162.56,9,170.18
199,53,180.34,160.02,F,165.1,9,170.18
200,53,180.34,160.02,F,165.1,9,170.18
201,53,180.34,160.02,F,162.56,9,170.18
202,53,180.34,160.02,F,160.02,9,170.18
203,53,180.34,160.02,F,160.02,9,170.18
204,54,180.34,160.02,M,180.34,4,170.18
205,54,180.34,160.02,M,180.34,4,170.18
206,54,180.34,160.02,M,177.8,4,170.18
207,54,180.34,160.02,F,161.29,4,170.18
208,55,180.34,157.48,M,180.34,5,168.91
209,55,180.34,157.48,M,177.8,5,168.91
210,55,180.34,157.48,F,163.83,5,168.91
211,55,180.34,157.48,F,158.75,5,168.91
212,55,180.34,157.48,F,156.21,5,168.91
213,56,180.34,157.48,M,182.88,5,168.91
214,56,180.34,157.48,M,179.07,5,168.91
215,56,180.34,157.48,M,179.07,5,168.91
216,56,180.34,157.48,F,163.83,5,168.91
217,56,180.34,157.48,F,152.4,5,168.91
218,57,180.34,158.75,M,177.8,5,169.545
219,57,180.34,158.75,F,162.56,5,169.545
220,57,180.34,158.75,F,162.56,5,169.545
221,57,180.34,158.75,F,162.56,5,169.545
222,57,180.34,158.75,F,158.75,5,169.545
223,58,180.34,157.48,M,179.07,7,168.91
224,58,180.34,157.48,M,177.8,7,168.91
225,58,180.34,157.48,M,175.26,7,168.91
226,58,180.34,157.48,M,175.26,7,168.91
227,58,180.34,157.48,M,167.64,7,168.91
228,58,180.34,157.48,F,163.83,7,168.91
229,58,180.34,157.48,F,162.56,7,168.91
230,59,180.34,154.94,F,157.48,1,167.64
231,60,180.34,147.32,M,181.61,2,163.83
232,60,180.34,147.32,M,175.26,2,163.83
233,61,177.8,175.26,M,180.34,4,176.53
234,61,177.8,175.26,M,177.8,4,176.53
235,61,177.8,175.26,M,175.26,4,176.53
236,61,177.8,175.26,F,175.26,4,176.53
237,62,177.8,175.26,M,177.8,6,176.53
238,62,177.8,175.26,M,174.498,6,176.53
239,62,177.8,175.26,F,172.72,6,176.53
240,62,177.8,175.26,F,167.64,6,176.53
241,62,177.8,175.26,F,162.56,6,176.53
242,62,177.8,175.26,F,157.48,6,176.53
243,63,177.8,172.72,M,190.5,1,175.26
244,64,177.8,170.18,M,177.8,5,173.99
245,64,177.8,170.18,M,175.26,5,173.99
246,64,177.8,170.18,F,167.64,5,173.99
247,64,177.8,170.18,F,162.56,5,173.99
248,64,177.8,170.18,F,152.4,5,173.99
249,65,177.8,170.18,F,171.45,1,173.99
250,66,177.8,168.91,M,185.42,11,173.355
251,66,177.8,168.91,M,182.88,11,173.355
252,66,177.8,168.91,M,182.88,11,173.355
253,66,177.8,168.91,M,168.91,11,173.355
254,66,177.8,168.91,F,175.768,11,173.355
255,66,177.8,168.91,F,170.688,11,173.355
256,66,177.8,168.91,F,168.91,11,173.355
257,66,177.8,168.91,F,167.64,11,173.355
258,66,177.8,168.91,F,167.64,11,173.355
259,66,177.8,168.91,F,163.068,11,173.355
260,66,177.8,168.91,F,161.798,11,173.355
261,67,179.07,165.1,M,182.88,4,172.085
262,67,179.07,165.1,M,178.308,4,172.085
263,67,179.07,165.1,M,175.26,4,172.085
264,67,179.07,165.1,M,173.99,4,172.085
265,68,179.07,165.1,F,172.72,5,172.085
266,68,179.07,165.1,F,165.1,5,172.085
267,68,179.07,165.1,F,156.21,5,172.085
268,68,179.07,165.1,F,154.94,5,172.085
269,68,179.07,165.1,F,154.94,5,172.085
270,69,177.8,165.1,M,185.42,8,171.45
271,69,177.8,165.1,M,182.88,8,171.45
272,69,177.8,165.1,M,179.07,8,171.45
273,69,177.8,165.1,M,165.1,8,171.45
274,69,177.8,165.1,M,165.1,8,171.45
275,69,177.8,165.1,F,163.83,8,171.45
276,69,177.8,165.1,F,160.02,8,171.45
277,69,177.8,165.1,F,157.48,8,171.45
278,70,177.8,165.1,M,170.18,5,171.45
279,70,177.8,165.1,M,165.1,5,171.45
280,70,177.8,165.1,F,163.83,5,171.45
281,70,177.8,165.1,F,158.75,5,171.45
282,70,177.8,165.1,F,158.75,5,171.45
283,71,177.8,165.1,M,177.8,6,171.45
284,71,177.8,165.1,M,177.8,6,171.45
285,71,177.8,165.1,F,170.18,6,171.45
286,71,177.8,165.1,F,165.1,6,171.45
287,71,177.8,165.1,F,165.1,6,171.45
288,71,177.8,165.1,F,160.02,6,171.45
289,72,177.8,165.1,M,200.66,7,171.45
290,72,177.8,165.1,M,190.5,7,171.45
291,72,177.8,165.1,M,180.34,7,171.45
292,72,177.8,165.1,F,175.26,7,171.45
293,72,177.8,165.1,F,170.18,7,171.45
294,72,177.8,165.1,F,166.878,7,171.45
295,72,177.8,165.1,F,157.48,7,171.45
296,73,177.8,165.1,M,185.42,3,171.45
297,73,177.8,165.1,M,184.15,3,171.45
298,73,177.8,165.1,F,165.1,3,171.45
299,74,177.8,165.1,M,175.26,2,171.45
300,74,177.8,165.1,M,175.26,2,171.45
301,75,177.8,164.338,M,182.88,7,171.069
302,75,177.8,164.338,M,177.8,7,171.069
303,75,177.8,164.338,M,174.498,7,171.069
304,75,177.8,164.338,F,168.91,7,171.069
305,75,177.8,164.338,F,166.37,7,171.069
306,75,177.8,164.338,F,164.338,7,171.069
307,75,177.8,164.338,F,163.83,7,171.069
308,76,177.8,162.56,M,179.578,7,170.18
309,76,177.8,162.56,M,177.8,7,170.18
310,76,177.8,162.56,M,172.72,7,170.18
311,76,177.8,162.56,M,170.18,7,170.18
312,76,177.8,162.56,M,167.64,7,170.18
313,76,177.8,162.56,M,165.1,7,170.18
314,76,177.8,162.56,F,170.18,7,170.18
315,77,177.8,162.56,M,177.8,4,170.18
316,77,177.8,162.56,M,172.72,4,170.18
317,77,177.8,162.56,M,169.418,4,170.18
318,77,177.8,162.56,F,166.37,4,170.18
319,78,177.8,163.068,M,182.88,5,170.434
320,78,177.8,163.068,M,177.8,5,170.434
321,78,177.8,163.068,F,158.75,5,170.434
322,78,177.8,163.068,F,155.448,5,170.434
323,78,177.8,163.068,F,152.654,5,170.434
324,79,179.07,162.56,M,187.96,8,170.815
325,79,179.07,162.56,M,176.53,8,170.815
326,79,179.07,162.56,M,175.26,8,170.815
327,79,179.07,162.56,M,172.72,8,170.815
328,79,179.07,162.56,M,172.72,8,170.815
329,79,179.07,162.56,M,172.72,8,170.815
330,79,179.07,162.56,F,166.37,8,170.815
331,79,179.07,162.56,F,165.1,8,170.815
332,80,179.07,163.83,F,152.4,1,171.45
333,81,177.8,162.56,M,172.72,4,170.18
334,81,177.8,162.56,F,165.1,4,170.18
335,81,177.8,162.56,F,162.56,4,170.18
336,81,177.8,162.56,F,157.48,4,170.18
337,82,177.8,162.56,M,180.34,9,170.18
338,82,177.8,162.56,M,177.8,9,170.18
339,82,177.8,162.56,M,177.8,9,170.18
340,82,177.8,162.56,M,177.8,9,170.18
341,82,177.8,162.56,M,176.53,9,170.18
342,82,177.8,162.56,M,173.99,9,170.18
343,82,177.8,162.56,F,175.26,9,170.18
344,82,177.8,162.56,F,165.1,9,170.18
345,82,177.8,162.56,F,162.56,9,170.18
346,83,177.8,161.798,M,177.8,8,169.799
347,83,177.8,161.798,M,170.18,8,169.799
348,83,177.8,161.798,M,166.37,8,169.799
349,83,177.8,161.798,F,161.798,8,169.799
350,83,177.8,161.798,F,160.528,8,169.799
351,83,177.8,161.798,F,158.75,8,169.799
352,83,177.8,161.798,F,157.988,8,169.799
353,83,177.8,161.798,F,154.94,8,169.799
354,85,179.07,160.02,M,184.15,5,169.545
355,85,179.07,160.02,M,175.26,5,169.545
356,85,179.07,160.02,M,170.18,5,169.545
357,85,179.07,160.02,F,163.83,5,169.545
358,85,179.07,160.02,F,162.56,5,169.545
359,86,177.8,161.29,M,180.34,4,169.545
360,86,177.8,161.29,M,171.45,4,169.545
361,86,177.8,161.29,F,171.45,4,169.545
362,86,177.8,161.29,F,161.29,4,169.545
363,87,177.8,160.02,M,172.72,4,168.91
364,87,177.8,160.02,M,170.18,4,168.91
365,87,177.8,160.02,F,161.798,4,168.91
366,87,177.8,160.02,F,157.48,4,168.91
367,88,177.8,160.02,M,177.8,4,168.91
368,88,177.8,160.02,M,168.91,4,168.91
369,88,177.8,160.02,F,157.48,4,168.91
370,88,177.8,160.02,F,154.94,4,168.91
371,89,179.07,157.48,M,182.88,8,168.275
372,89,179.07,157.48,M,177.8,8,168.275
373,89,179.07,157.48,M,176.53,8,168.275
374,89,179.07,157.48,M,176.53,8,168.275
375,89,179.07,157.48,M,172.72,8,168.275
376,89,179.07,157.48,F,165.1,8,168.275
377,89,179.07,157.48,F,162.56,8,168.275
378,89,179.07,157.48,F,160.02,8,168.275
379,90,178.562,159.258,M,179.578,7,168.91
380,90,178.562,159.258,M,177.038,7,168.91
381,90,178.562,159.258,M,175.768,7,168.91
382,90,178.562,159.258,M,165.608,7,168.91
383,90,178.562,159.258,F,162.56,7,168.91
384,90,178.562,159.258,F,161.29,7,168.91
385,90,178.562,159.258,F,160.528,7,168.91
386,91,179.07,157.48,M,182.88,3,168.275
387,91,179.07,157.48,M,182.88,3,168.275
388,91,179.07,157.48,F,152.4,3,168.275
389,92,177.8,154.94,M,180.848,2,166.37
390,92,177.8,154.94,M,170.18,2,166.37
391,93,177.8,152.4,M,170.18,4,165.1
392,93,177.8,152.4,M,163.83,4,165.1
393,93,177.8,152.4,F,165.1,4,165.1
394,93,177.8,152.4,F,160.02,4,165.1
395,94,177.8,152.4,F,165.1,2,165.1
396,94,177.8,152.4,F,165.1,2,165.1
397,95,177.8,148.59,M,181.61,3,163.195
398,95,177.8,148.59,M,163.83,3,163.195
399,95,177.8,148.59,F,160.02,3,163.195
400,96,177.8,147.32,M,182.88,5,162.56
401,96,177.8,147.32,M,167.64,5,162.56
402,96,177.8,147.32,F,167.64,5,162.56
403,96,177.8,147.32,F,165.1,5,162.56
404,96,177.8,147.32,F,160.02,5,162.56
405,97,175.26,173.99,M,190.5,10,174.625
406,97,175.26,173.99,M,180.34,10,174.625
407,97,175.26,173.99,M,177.8,10,174.625
408,97,175.26,173.99,F,167.64,10,174.625
409,97,175.26,173.99,F,167.64,10,174.625
410,97,175.26,173.99,F,166.37,10,174.625
411,97,175.26,173.99,F,165.1,10,174.625
412,97,175.26,173.99,F,165.1,10,174.625
413,97,175.26,173.99,F,162.56,10,174.625
414,97,175.26,173.99,F,162.56,10,174.625
415,98,175.26,170.18,F,162.56,1,172.72
416,99,175.26,167.64,M,185.42,8,171.45
417,99,175.26,167.64,M,182.88,8,171.45
418,99,175.26,167.64,M,182.118,8,171.45
419,99,175.26,167.64,M,181.61,8,171.45
420,99,175.26,167.64,F,166.37,8,171.45
421,99,175.26,167.64,F,165.1,8,171.45
422,99,175.26,167.64,F,159.258,8,171.45
423,99,175.26,167.64,F,158.75,8,171.45
424,100,175.26,167.64,M,180.848,3,171.45
425,100,175.26,167.64,M,180.34,3,171.45
426,100,175.26,167.64,M,177.8,3,171.45
427,101,175.26,169.418,M,190.5,6,172.339
428,101,175.26,169.418,M,187.96,6,172.339
429,101,175.26,169.418,M,182.88,6,172.339
430,101,175.26,169.418,M,173.99,6,172.339
431,101,175.26,169.418,M,170.18,6,172.339
432,101,175.26,169.418,M,167.64,6,172.339
433,102,175.26,167.64,M,177.8,6,171.45
434,102,175.26,167.64,M,173.99,6,171.45
435,102,175.26,167.64,M,172.72,6,171.45
436,102,175.26,167.64,F,165.1,6,171.45
437,102,175.26,167.64,F,160.02,6,171.45
438,102,175.26,167.64,F,158.75,6,171.45
439,103,175.26,168.91,M,185.42,5,172.085
440,103,175.26,168.91,M,180.34,5,172.085
441,103,175.26,168.91,M,179.07,5,172.085
442,103,175.26,168.91,M,179.07,5,172.085
443,103,175.26,168.91,F,154.94,5,172.085
444,104,176.53,168.91,M,179.07,4,172.72
445,104,176.53,168.91,M,171.45,4,172.72
446,104,176.53,168.91,F,163.83,4,172.72
447,104,176.53,168.91,F,162.56,4,172.72
448,105,175.26,168.91,M,180.34,6,172.085
449,105,175.26,168.91,F,173.99,6,172.085
450,105,175.26,168.91,F,171.45,6,172.085
451,105,175.26,168.91,F,167.64,6,172.085
452,105,175.26,168.91,F,160.02,6,172.085
453,105,175.26,168.91,F,160.02,6,172.085
454,106,176.53,167.64,M,180.34,7,172.085
455,106,176.53,167.64,M,180.34,7,172.085
456,106,176.53,167.64,M,179.07,7,172.085
457,106,176.53,167.64,M,179.07,7,172.085
458,106,176.53,167.64,F,168.91,7,172.085
459,106,176.53,167.64,F,166.37,7,172.085
460,106,176.53,167.64,F,163.83,7,172.085
461,107,175.26,167.64,M,185.42,9,171.45
462,107,175.26,167.64,M,182.88,9,171.45
463,107,175.26,167.64,M,175.26,9,171.45
464,107,175.26,167.64,M,175.26,9,171.45
465,107,175.26,167.64,F,168.91,9,171.45
466,107,175.26,167.64,F,166.37,9,171.45
467,107,175.26,167.64,F,166.37,9,171.45
468,107,175.26,167.64,F,165.1,9,171.45
469,107,175.26,167.64,F,162.56,9,171.45
470,108,175.26,165.1,M,177.8,7,170.18
471,108,175.26,165.1,M,173.99,7,170.18
472,108,175.26,165.1,M,170.18,7,170.18
473,108,175.26,165.1,F,165.1,7,170.18
474,108,175.26,165.1,F,162.56,7,170.18
475,108,175.26,165.1,F,161.29,7,170.18
476,108,175.26,165.1,F,154.94,7,170.18
477,109,176.53,163.83,M,177.038,7,170.18
478,109,176.53,163.83,M,172.72,7,170.18
479,109,176.53,163.83,M,152.4,7,170.18
480,109,176.53,163.83,F,165.608,7,170.18
481,109,176.53,163.83,F,163.83,7,170.18
482,109,176.53,163.83,F,161.798,7,170.18
483,109,176.53,163.83,F,152.4,7,170.18
484,110,175.768,162.56,M,182.118,4,169.164
485,110,175.768,162.56,M,168.91,4,169.164
486,110,175.768,162.56,F,165.1,4,169.164
487,110,175.768,162.56,F,161.29,4,169.164
488,112,175.26,160.02,M,175.26,3,167.64
489,112,175.26,160.02,F,171.45,3,167.64
490,112,175.26,160.02,F,161.29,3,167.64
491,113,175.26,160.02,M,182.88,1,167.64
492,114,175.26,160.02,M,185.42,6,167.64
493,114,175.26,160.02,M,177.8,6,167.64
494,114,175.26,160.02,M,177.8,6,167.64
495,114,175.26,160.02,M,162.56,6,167.64
496,114,175.26,160.02,F,167.64,6,167.64
497,114,175.26,160.02,F,157.48,6,167.64
498,115,175.26,161.29,M,179.07,7,168.275
499,115,175.26,161.29,M,170.18,7,168.275
500,115,175.26,161.29,M,167.64,7,168.275
501,115,175.26,161.29,F,165.1,7,168.275
502,115,175.26,161.29,F,160.02,7,168.275
503,115,175.26,161.29,F,157.48,7,168.275
504,115,175.26,161.29,F,154.94,7,168.275
505,116,175.26,161.29,M,179.07,3,168.275
506,116,175.26,161.29,F,161.798,3,168.275
507,116,175.26,161.29,F,160.02,3,168.275
508,117,177.038,157.48,F,158.75,1,167.259
509,118,176.53,157.48,M,185.42,3,167.005
510,118,176.53,157.48,M,182.88,3,167.005
511,118,176.53,157.48,M,175.26,3,167.005
512,119,175.26,157.48,M,185.42,5,166.37
513,119,175.26,157.48,M,180.34,5,166.37
514,119,175.26,157.48,M,180.34,5,166.37
515,119,175.26,157.48,M,175.26,5,166.37
516,119,175.26,157.48,F,160.02,5,166.37
517,121,175.26,158.75,M,180.34,8,167.005
518,121,175.26,158.75,M,177.8,8,167.005
519,121,175.26,158.75,M,177.8,8,167.005
520,121,175.26,158.75,M,175.26,8,167.005
521,121,175.26,158.75,F,161.29,8,167.005
522,121,175.26,158.75,F,158.75,8,167.005
523,121,175.26,158.75,F,158.75,8,167.005
524,121,175.26,158.75,F,157.48,8,167.005
525,122,175.26,157.48,M,182.88,4,166.37
526,122,175.26,157.48,M,172.72,4,166.37
527,122,175.26,157.48,F,167.64,4,166.37
528,122,175.26,157.48,F,167.64,4,166.37
529,123,176.53,154.94,M,177.8,5,165.735
530,123,176.53,154.94,M,176.53,5,165.735
531,123,176.53,154.94,M,175.26,5,165.735
532,123,176.53,154.94,F,160.02,5,165.735
533,123,176.53,154.94,F,157.48,5,165.735
534,124,175.26,154.94,M,172.72,9,165.1
535,124,175.26,154.94,M,172.72,9,165.1
536,124,175.26,154.94,M,171.45,9,165.1
537,124,175.26,154.94,M,162.56,9,165.1
538,124,175.26,154.94,M,160.02,9,165.1
539,124,175.26,154.94,M,160.02,9,165.1
540,124,175.26,154.94,F,161.29,9,165.1
541,124,175.26,154.94,F,157.48,9,165.1
542,124,175.26,154.94,F,157.48,9,165.1
543,125,175.26,152.4,M,179.07,3,163.83
544,125,175.26,152.4,F,172.72,3,163.83
545,125,175.26,152.4,F,158.75,3,163.83
546,126,175.26,152.4,M,175.26,4,163.83
547,126,175.26,152.4,M,167.64,4,163.83
548,126,175.26,152.4,F,156.718,4,163.83
549,126,175.26,152.4,F,153.67,4,163.83
550,127,175.26,153.67,M,176.53,1,164.465
551,128,174.498,179.07,M,180.34,2,176.784
552,128,174.498,179.07,F,156.718,2,176.784
553,129,173.99,170.18,M,185.42,3,172.085
554,129,173.99,170.18,M,180.34,3,172.085
555,129,173.99,170.18,F,170.18,3,172.085
556,130,173.99,168.91,M,177.8,11,171.45
557,130,173.99,168.91,M,175.26,11,171.45
558,130,173.99,168.91,M,175.26,11,171.45
559,130,173.99,168.91,M,174.498,11,171.45
560,130,173.99,168.91,M,173.99,11,171.45
561,130,173.99,168.91,M,173.99,11,171.45
562,130,173.99,168.91,M,172.72,11,171.45
563,130,173.99,168.91,M,172.72,11,171.45
564,130,173.99,168.91,M,172.72,11,171.45
565,130,173.99,168.91,F,160.528,11,171.45
566,131,172.72,165.1,M,171.45,2,168.91
567,131,172.72,165.1,M,167.64,2,168.91
568,132,172.72,166.37,M,167.64,2,169.545
569,132,172.72,166.37,F,162.56,2,169.545
570,133,172.72,166.37,M,182.118,7,169.545
571,133,172.72,166.37,M,181.61,7,169.545
572,133,172.72,166.37,M,179.578,7,169.545
573,133,172.72,166.37,M,166.37,7,169.545
574,133,172.72,166.37,F,168.91,7,169.545
575,133,172.72,166.37,F,165.608,7,169.545
576,133,172.72,166.37,F,156.21,7,169.545
577,134,172.72,165.1,M,182.88,4,168.91
578,134,172.72,165.1,M,182.88,4,168.91
579,134,172.72,165.1,F,172.72,4,168.91
580,134,172.72,165.1,F,167.64,4,168.91
581,135,173.99,165.1,M,175.768,8,169.545
582,135,173.99,165.1,M,172.72,8,169.545
583,135,173.99,165.1,M,167.64,8,169.545
584,135,173.99,165.1,M,167.64,8,169.545
585,135,173.99,165.1,F,157.48,8,169.545
586,135,173.99,165.1,F,156.21,8,169.545
587,135,173.99,165.1,F,154.94,8,169.545
588,135,173.99,165.1,F,152.4,8,169.545
589,136,172.72,162.56,M,180.34,10,167.64
590,136,172.72,162.56,M,172.72,10,167.64
591,136,172.72,162.56,M,172.72,10,167.64
592,136,172.72,162.56,M,170.18,10,167.64
593,136,172.72,162.56,F,165.1,10,167.64
594,136,172.72,162.56,F,162.56,10,167.64
595,136,172.72,162.56,F,160.02,10,167.64
596,136,172.72,162.56,F,160.02,10,167.64
597,136,172.72,162.56,F,157.48,10,167.64
598,136,172.72,162.56,F,154.94,10,167.64
599,137,172.72,162.56,M,167.64,4,167.64
600,137,172.72,162.56,M,160.02,4,167.64
601,137,172.72,162.56,F,166.37,4,167.64
602,137,172.72,162.56,F,157.48,4,167.64
603,138,172.72,162.56,M,180.848,5,167.64
604,138,172.72,162.56,M,180.848,5,167.64
605,138,172.72,162.56,M,175.26,5,167.64
606,138,172.72,162.56,M,173.99,5,167.64
607,138,172.72,162.56,F,158.75,5,167.64
608,139,172.72,163.83,F,157.48,1,168.275
609,140,172.72,162.56,M,175.26,10,167.64
610,140,172.72,162.56,M,170.18,10,167.64
611,140,172.72,162.56,M,167.64,10,167.64
612,140,172.72,162.56,F,167.64,10,167.64
613,140,172.72,162.56,F,167.64,10,167.64
614,140,172.72,162.56,F,165.1,10,167.64
615,140,172.72,162.56,F,165.1,10,167.64
616,140,172.72,162.56,F,165.1,10,167.64
617,140,172.72,162.56,F,162.56,10,167.64
618,140,172.72,162.56,F,160.02,10,167.64
619,141,172.72,160.02,M,179.07,8,166.37
620,141,172.72,160.02,M,177.8,8,166.37
621,141,172.72,160.02,M,172.72,8,166.37
622,141,172.72,160.02,M,167.64,8,166.37
623,141,172.72,160.02,M,167.64,8,166.37
624,141,172.72,160.02,F,167.64,8,166.37
625,141,172.72,160.02,F,157.48,8,166.37
626,141,172.72,160.02,F,156.21,8,166.37
627,142,173.99,161.29,M,186.69,4,167.64
628,142,173.99,161.29,M,177.8,4,167.64
629,142,173.99,161.29,M,176.53,4,167.64
630,142,173.99,161.29,F,166.37,4,167.64
631,143,172.72,160.02,M,170.18,1,166.37
632,144,172.72,160.02,M,177.8,4,166.37
633,144,172.72,160.02,M,172.72,4,166.37
634,144,172.72,160.02,F,163.83,4,166.37
635,144,172.72,160.02,F,162.56,4,166.37
636,145,172.72,160.02,M,180.34,8,166.37
637,145,172.72,160.02,M,172.72,8,166.37
638,145,172.72,160.02,M,167.64,8,166.37
639,145,172.72,160.02,M,166.37,8,166.37
640,145,172.72,160.02,M,165.1,8,166.37
641,145,172.72,160.02,F,160.02,8,166.37
642,145,172.72,160.02,F,157.48,8,166.37
643,145,172.72,160.02,F,157.48,8,166.37
644,146,172.72,160.02,M,170.18,6,166.37
645,146,172.72,160.02,M,170.18,6,166.37
646,146,172.72,160.02,M,167.64,6,166.37
647,146,172.72,160.02,F,162.56,6,166.37
648,146,172.72,160.02,F,161.29,6,166.37
649,146,172.72,160.02,F,154.94,6,166.37
650,147,173.99,161.29,M,173.228,1,167.64
651,148,172.72,160.02,M,177.8,1,166.37
652,149,173.228,161.29,M,177.8,5,167.259
653,149,173.228,161.29,M,175.26,5,167.259
654,149,173.228,161.29,M,170.18,5,167.259
655,149,173.228,161.29,M,166.37,5,167.259
656,149,173.228,161.29,F,163.83,5,167.259
657,150,172.72,158.75,M,173.99,1,165.735
658,151,174.498,157.48,M,171.958,2,165.989
659,151,174.498,157.48,F,156.718,2,165.989
660,152,172.72,158.75,M,168.91,1,165.735
661,153,172.72,154.94,M,173.99,5,163.83
662,153,172.72,154.94,M,172.72,5,163.83
663,153,172.72,154.94,M,162.56,5,163.83
664,153,172.72,154.94,F,161.29,5,163.83
665,153,172.72,154.94,F,160.02,5,163.83
666,154,172.72,152.908,M,169.418,1,162.814
667,155,172.72,152.4,M,162.56,7,162.56
668,155,172.72,152.4,F,154.94,7,162.56
669,155,172.72,152.4,F,154.94,7,162.56
670,155,172.72,152.4,F,152.4,7,162.56
671,155,172.72,152.4,F,152.4,7,162.56
672,155,172.72,152.4,F,152.4,7,162.56
673,155,172.72,152.4,F,142.24,7,162.56
674,156,172.72,152.4,M,171.45,4,162.56
675,156,172.72,152.4,M,170.18,4,162.56
676,156,172.72,152.4,M,168.91,4,162.56
677,156,172.72,152.4,F,152.4,4,162.56
678,157,173.99,149.86,M,175.26,1,161.925
679,158,172.72,149.86,M,172.72,10,161.29
680,158,172.72,149.86,M,165.1,10,161.29
681,158,172.72,149.86,M,164.338,10,161.29
682,158,172.72,149.86,M,162.56,10,161.29
683,158,172.72,149.86,M,162.56,10,161.29
684,158,172.72,149.86,M,160.02,10,161.29
685,158,172.72,149.86,F,165.1,10,161.29
686,158,172.72,149.86,F,165.1,10,161.29
687,158,172.72,149.86,F,157.48,10,161.29
688,158,172.72,149.86,F,154.94,10,161.29
689,159,170.18,168.148,M,184.658,5,169.164
690,159,170.18,168.148,M,184.658,5,169.164
691,159,170.18,168.148,M,181.61,5,169.164
692,159,170.18,168.148,F,166.37,5,169.164
693,159,170.18,168.148,F,161.29,5,169.164
694,160,170.18,168.91,M,180.34,1,169.545
695,162,170.18,165.1,M,177.038,6,167.64
696,162,170.18,165.1,M,171.45,6,167.64
697,162,170.18,165.1,F,166.37,6,167.64
698,162,170.18,165.1,F,165.1,6,167.64
699,162,170.18,165.1,F,163.83,6,167.64
700,162,170.18,165.1,F,161.29,6,167.64
701,163,170.18,166.37,M,177.8,5,168.275
702,163,170.18,166.37,M,175.26,5,168.275
703,163,170.18,166.37,F,166.37,5,168.275
704,163,170.18,166.37,F,166.37,5,168.275
705,163,170.18,166.37,F,160.02,5,168.275
706,164,170.18,166.37,M,177.8,4,168.275
707,164,170.18,166.37,M,171.958,4,168.275
708,164,170.18,166.37,F,160.02,4,168.275
709,164,170.18,166.37,F,152.4,4,168.275
710,165,170.18,165.1,M,165.1,3,167.64
711,165,170.18,165.1,F,157.48,3,167.64
712,165,170.18,165.1,F,157.48,3,167.64
713,166,171.45,165.1,M,180.34,11,168.275
714,166,171.45,165.1,M,175.26,11,168.275
715,166,171.45,165.1,F,162.56,11,168.275
716,166,171.45,165.1,F,162.56,11,168.275
717,166,171.45,165.1,F,160.02,11,168.275
718,166,171.45,165.1,F,160.02,11,168.275
719,166,171.45,165.1,F,160.02,11,168.275
720,166,171.45,165.1,F,160.02,11,168.275
721,166,171.45,165.1,F,160.02,11,168.275
722,166,171.45,165.1,F,158.75,11,168.275
723,166,171.45,165.1,F,157.48,11,168.275
724,167,170.18,162.56,M,181.61,4,166.37
725,167,170.18,162.56,M,177.8,4,166.37
726,167,170.18,162.56,M,170.18,4,166.37
727,167,170.18,162.56,M,170.18,4,166.37
728,168,170.18,161.29,M,180.34,8,165.735
729,168,170.18,161.29,M,178.308,8,165.735
730,168,170.18,161.29,M,175.768,8,165.735
731,168,170.18,161.29,M,173.99,8,165.735
732,168,170.18,161.29,M,172.72,8,165.735
733,168,170.18,161.29,M,170.18,8,165.735
734,168,170.18,161.29,M,166.37,8,165.735
735,168,170.18,161.29,F,161.29,8,165.735
736,169,170.18,160.02,M,175.26,3,165.1
737,169,170.18,160.02,M,172.72,3,165.1
738,169,170.18,160.02,F,160.02,3,165.1
739,170,171.45,157.48,M,177.8,5,164.465
740,170,171.45,157.48,M,176.53,5,164.465
741,170,171.45,157.48,M,175.26,5,164.465
742,170,171.45,157.48,M,173.99,5,164.465
743,170,171.45,157.48,F,167.64,5,164.465
744,171,170.18,154.94,M,170.18,1,162.56
745,172,167.64,170.18,M,179.07,8,168.91
746,172,167.64,170.18,M,179.07,8,168.91
747,172,167.64,170.18,M,170.18,8,168.91
748,172,167.64,170.18,M,167.64,8,168.91
749,172,167.64,170.18,M,167.64,8,168.91
750,172,167.64,170.18,F,157.48,8,168.91
751,172,167.64,170.18,F,157.48,8,168.91
752,172,167.64,170.18,F,156.21,8,168.91
753,173,167.64,170.18,M,182.88,9,168.91
754,173,167.64,170.18,M,165.1,9,168.91
755,173,167.64,170.18,M,165.1,9,168.91
756,173,167.64,170.18,F,170.18,9,168.91
757,173,167.64,170.18,F,162.56,9,168.91
758,173,167.64,170.18,F,162.56,9,168.91
759,173,167.64,170.18,F,157.48,9,168.91
760,173,167.64,170.18,F,152.4,9,168.91
761,173,167.64,170.18,F,152.4,9,168.91
762,174,167.64,167.64,M,167.64,5,167.64
763,174,167.64,167.64,M,165.1,5,167.64
764,174,167.64,167.64,F,170.18,5,167.64
765,174,167.64,167.64,F,168.91,5,167.64
766,174,167.64,167.64,F,166.37,5,167.64
767,175,167.64,167.64,M,182.88,6,167.64
768,175,167.64,167.64,M,172.72,6,167.64
769,175,167.64,167.64,F,167.64,6,167.64
770,175,167.64,167.64,F,165.1,6,167.64
771,175,167.64,167.64,F,157.48,6,167.64
772,175,167.64,167.64,F,154.94,6,167.64
773,176,168.91,165.1,M,174.498,8,167.005
774,176,168.91,165.1,M,173.99,8,167.005
775,176,168.91,165.1,M,168.91,8,167.005
776,176,168.91,165.1,M,163.83,8,167.005
777,176,168.91,165.1,F,158.75,8,167.005
778,176,168.91,165.1,F,153.67,8,167.005
779,176,168.91,165.1,F,153.67,8,167.005
780,176,168.91,165.1,F,146.05,8,167.005
781,177,167.64,166.37,M,182.88,5,167.005
782,177,167.64,166.37,M,180.34,5,167.005
783,177,167.64,166.37,M,170.18,5,167.005
784,177,167.64,166.37,F,167.64,5,167.005
785,177,167.64,166.37,F,165.1,5,167.005
786,178,167.64,160.02,M,177.8,1,163.83
787,179,167.64,161.29,F,163.83,2,164.465
788,179,167.64,161.29,F,157.48,2,164.465
789,180,168.91,160.02,M,170.688,6,164.465
790,180,168.91,160.02,M,170.18,6,164.465
791,180,168.91,160.02,M,165.1,6,164.465
792,180,168.91,160.02,F,165.1,6,164.465
793,180,168.91,160.02,F,165.1,6,164.465
794,180,168.91,160.02,F,160.02,6,164.465
795,181,168.91,158.75,M,177.8,7,163.83
796,181,168.91,158.75,M,172.72,7,163.83
797,181,168.91,158.75,F,161.29,7,163.83
798,181,168.91,158.75,F,158.75,7,163.83
799,181,168.91,158.75,F,158.75,7,163.83
800,181,168.91,158.75,F,158.75,7,163.83
801,181,168.91,158.75,F,158.75,7,163.83
802,182,167.64,156.21,M,177.8,1,161.925
803,183,167.64,152.4,M,172.72,4,160.02
804,183,167.64,152.4,M,170.18,4,160.02
805,183,167.64,152.4,M,165.1,4,160.02
806,183,167.64,152.4,F,152.4,4,160.02
807,184,167.64,152.4,M,165.1,1,160.02
808,185,167.64,149.86,M,172.72,15,158.75
809,185,167.64,149.86,M,170.18,15,158.75
810,185,167.64,149.86,M,168.91,15,158.75
811,185,167.64,149.86,M,167.64,15,158.75
812,185,167.64,149.86,M,166.878,15,158.75
813,185,167.64,149.86,M,166.37,15,158.75
814,185,167.64,149.86,M,165.1,15,158.75
815,185,167.64,149.86,F,165.1,15,158.75
816,185,167.64,149.86,F,162.56,15,158.75
817,185,167.64,149.86,F,160.02,15,158.75
818,185,167.64,149.86,F,157.48,15,158.75
819,185,167.64,149.86,F,154.94,15,158.75
820,185,167.64,149.86,F,152.4,15,158.75
821,185,167.64,149.86,F,147.32,15,158.75
822,185,167.64,149.86,F,144.78,15,158.75
823,186,165.1,170.18,M,168.91,4,167.64
824,186,165.1,170.18,M,167.64,4,167.64
825,186,165.1,170.18,M,167.64,4,167.64
826,186,165.1,170.18,F,165.1,4,167.64
827,187,165.1,170.18,F,160.02,1,167.64
828,188,165.1,167.64,M,160.02,4,166.37
829,188,165.1,167.64,F,160.02,4,166.37
830,188,165.1,167.64,F,160.02,4,166.37
831,188,165.1,167.64,F,152.4,4,166.37
832,190,165.1,165.1,M,175.26,9,165.1
833,190,165.1,165.1,M,172.72,9,165.1
834,190,165.1,165.1,M,172.72,9,165.1
835,190,165.1,165.1,F,165.1,9,165.1
836,190,165.1,165.1,F,165.1,9,165.1
837,190,165.1,165.1,F,157.48,9,165.1
838,190,165.1,165.1,F,157.48,9,165.1
839,190,165.1,165.1,F,154.94,9,165.1
840,190,165.1,165.1,F,149.86,9,165.1
841,191,165.1,166.37,M,179.578,2,165.735
842,191,165.1,166.37,F,166.37,2,165.735
843,192,165.1,165.1,M,175.768,6,165.1
844,192,165.1,165.1,M,175.26,6,165.1
845,192,165.1,165.1,M,172.72,6,165.1
846,192,165.1,165.1,M,171.958,6,165.1
847,192,165.1,165.1,F,163.83,6,165.1
848,192,165.1,165.1,F,153.67,6,165.1
849,193,165.1,162.56,M,170.18,6,163.83
850,193,165.1,162.56,M,170.18,6,163.83
851,193,165.1,162.56,F,162.56,6,163.83
852,193,165.1,162.56,F,162.56,6,163.83
853,193,165.1,162.56,F,158.75,6,163.83
854,193,165.1,162.56,F,153.67,6,163.83
855,194,165.1,160.02,M,177.8,2,162.56
856,194,165.1,160.02,F,160.02,2,162.56
857,195,165.1,160.02,M,167.64,3,162.56
858,195,165.1,160.02,M,167.64,3,162.56
859,195,165.1,160.02,F,160.02,3,162.56
860,196,166.37,160.02,M,180.34,4,163.195
861,196,166.37,160.02,M,180.34,4,163.195
862,196,166.37,160.02,M,175.26,4,163.195
863,196,166.37,160.02,F,161.29,4,163.195
864,197,166.37,152.4,M,172.72,5,159.385
865,197,166.37,152.4,M,172.72,5,159.385
866,197,166.37,152.4,M,170.18,5,159.385
867,197,166.37,152.4,M,170.18,5,159.385
868,197,166.37,152.4,F,157.48,5,159.385
869,198,162.56,162.56,M,181.61,7,162.56
870,198,162.56,162.56,M,172.72,7,162.56
871,198,162.56,162.56,F,166.37,7,162.56
872,198,162.56,162.56,F,162.56,7,162.56
873,198,162.56,162.56,F,157.48,7,162.56
874,198,162.56,162.56,F,157.48,7,162.56
875,198,162.56,162.56,F,154.94,7,162.56
876,199,162.56,162.56,M,179.07,7,162.56
877,199,162.56,162.56,M,172.72,7,162.56
878,199,162.56,162.56,F,170.18,7,162.56
879,199,162.56,162.56,F,165.1,7,162.56
880,199,162.56,162.56,F,162.56,7,162.56
881,199,162.56,162.56,F,162.56,7,162.56
882,199,162.56,162.56,F,152.4,7,162.56
883,200,162.56,160.02,M,163.83,1,161.29
884,201,162.56,152.4,M,167.64,2,157.48
885,201,162.56,152.4,F,152.4,2,157.48
886,203,157.48,167.64,M,162.56,3,162.56
887,203,157.48,167.64,F,157.48,3,162.56
888,203,157.48,167.64,F,154.94,3,162.56
889,204,158.75,160.02,M,168.91,2,159.385
890,204,158.75,160.02,F,144.78,2,159.385
891,136A,173.99,165.1,M,182.88,8,169.545
892,136A,173.99,165.1,M,179.07,8,169.545
893,136A,173.99,165.1,M,174.498,8,169.545
894,136A,173.99,165.1,M,173.99,8,169.545
895,136A,173.99,165.1,M,171.958,8,169.545
896,136A,173.99,165.1,F,162.56,8,169.545
897,136A,173.99,165.1,F,161.29,8,169.545
898,136A,173.99,165.1,F,160.02,8,169.545
